1,Infosys_2017_Aug_17_1.txt
1,Infosys_2017_Aug_17_2.txt
1,Infosys_2017_Aug_17_3.txt
1,Infosys_2017_Aug_18_1.txt
1,Infosys_2017_Aug_18_2.txt
1,Infosys_2017_Aug_18_3.txt
1,Infosys_2017_Aug_18_4.txt
1,Infosys_2017_Aug_18_5.txt
1,Infosys_2017_Aug_18_6.txt
1,Infosys_2017_Aug_21_1.txt
1,Infosys_2017_Aug_21_2.txt
1,Infosys_2017_Aug_21_3.txt
1,Infosys_2017_Aug_21_4.txt
1,Infosys_2017_Aug_21_5.txt
1,Infosys_2017_Aug_22_1.txt
1,Infosys_2017_Aug_22_2.txt
1,Infosys_Aug_18_3.txt
2,Mylan_2016_Feb_10_1.txt
2,Mylan_2016_Feb_10_2.txt
2,Mylan_2016_Feb_10_3.txt
2,Mylan_2016_Feb_10_4.txt
2,Mylan_2016_Feb_11_1.txt
2,Mylan_2016_Feb_11_2.txt
2,Mylan_2016_Feb_11_3.txt
2,Mylan_2016_Feb_11_4.txt
2,Mylan_2016_Feb_11_5.txt
2,Mylan_2016_Feb_12_1.txt
2,Mylan_2016_Feb_12_2.txt
2,Mylan_2016_Feb_12_3.txt
2,Mylan_2016_Feb_16_1.txt
2,Mylan_2016_Feb_16_2.txt
3,Samsung_BetaTest_Oreo_1.txt
3,Samsung_BetaTest_Oreo_2.txt
4,Hyundai_Creta_Release_2015_July_21_1.txt
4,Hyundai_Creta_Release_2015_July_21_2.txt
5,Espírito_Santoment_Jul_30_2014_1.txt
5,Espírito_Santoment_Jul_30_2014_2.txt
5,Espírito_Santoment_Jul_30_2014_3.txt
6,WellsFargo_2016_Sep_8_1.txt
6,WellsFargo_2016_Sep_8_3.txt
6,WellsFargo_2016_Sep_8_2.txt
,
,
,
9,VW_18sep15_1.txt
9,VW_18sep15_2.txt
9,VW_18sep15_3.txt
9,VW_19sep15_1.txt
9,VW_20sep15_1.txt
9,VW_21sep15_1.txt
9,VW_21sep15_2.txt
9,VW_21sep15_3.txt
9,VW_21sep15_4.txt
9,VW_21sep15_5.txt
9,VW_22sep15_1.txt
9,VW_22sep15_2.txt
9,VW_22sep15_3.txt
9,VW_22sep15_4.txt
9,VW_22sep15_5.txt
9,VW_22sep15_6.txt
9,VW_23sep15_1.txt
9,VW_23sep15_2.txt
9,VW_23sep15_3.txt
9,VW_23sep15_4.txt
9,VW_23sep15_5.txt
9,VW_24sep15_1.txt
9,VW_24sep15_2.txt
9,VW_24sep15_3.txt
9,VW_24sep15_4.txt
9,VW_24sep15_5.txt
9,VW_24sep15_6.txt
9,VW_24sep15_7.txt
9,VW_25sep15_1.txt
9,VW_25sep15_2.txt
9,VW_26sep15_1.txt
9,VW_26sep15_2.txt
9,VW_26sep15_3.txt
9,VW_26sep15_4.txt
9,VW_26sep15_5.txt
9,VW_27sep15_1.txt
9,VW_27sep15_2.txt
9,VW_27sep15_3.txt
9,VW_27sep15_4.txt
9,VW_27sep15_5.txt
9,VW_28sep15_1.txt
9,VW_28sep15_2.txt
9,VW_28sep15_3.txt
9,VW_28sep15_4.txt
10,Reliance-Jio_2017_Feb_21_1.txt
10,Reliance-Jio_2017_Feb_21_2.txt
10,Reliance-Jio_2017_Feb_22_1.txt
10,Reliance-Jio_2017_Feb_22_2.txt
11,RBS_2008_Oct_13_1.txt
11,RBS_2008_Oct_13_2.txt
11,RBS_2008_Oct_13_3.txt
11,RBS_2008_Oct_13_4.txt
12,DeutsheBank_LIBOR_1.txt
12,DeutsheBank_LIBOR_2.txt
13,WellsFargo_2017_Mar_29_1.txt
13,WellsFargo_2017_Mar_29_2.txt
13,WellsFargo_2017_Mar_29_3.txt
13,WellsFargo_2017_Mar_29_4.txt
13,WellsFargo_2017_Mar_29_5.txt
13,WellsFargo_2017_Mar_30_1.txt
13,WellsFargo_2017_Mar_30_2.txt
13,WellsFargo_2017_Mar_30_3.txt
13,WellsFargo_2017_Mar_31_1.txt
14,HSBC_Tax_Scam_15_Feb8_1.txt
14,HSBC_Tax_Scam_15_Feb8_2.txt
14,HSBC_Tax_Scam_15_Feb8_3.txt
14,HSBC_Tax_Scam_15_Feb8_4.txt
14,HSBC_Tax_Scam_15_Feb8_5.txt
14,HSBC_Tax_Scam_15_Feb8_6.txt
14,HSBC_Tax_Scam_15_Feb9_1.txt
14,HSBC_Tax_Scam_15_Feb9_2.txt
14,HSBC_Tax_Scam_15_Feb9_3.txt
14,HSBC_Tax_Scam_15_Feb9_4.txt
14,HSBC_Tax_Scam_15_Feb9_5.txt
14,HSBC_Tax_Scam_15_Feb9_6.txt
14,HSBC_Tax_Scam_15_Feb10_1.txt
14,HSBC_Tax_Scam_15_Feb10_2.txt
14,HSBC_Tax_Scam_15_Feb10_3.txt
14,HSBC_Tax_Scam_15_Feb10_4.txt
14,HSBC_Tax_Scam_15_Feb10_5.txt
14,HSBC_Tax_Scam_15_Feb10_6.txt
14,HSBC_Tax_Scam_15_Feb11_1.txt
14,HSBC_Tax_Scam_15_Feb11_2.txt
14,HSBC_Tax_Scam_15_Feb11_3.txt
14,HSBC_Tax_Scam_15_Feb11_4.txt
14,HSBC_Tax_Scam_15_Feb12_1.txt
14,HSBC_Tax_Scam_15_Feb12_2.txt
14,HSBC_Tax_Scam_15_Feb13_1.txt
14,HSBC_Tax_Scam_15_Feb13_2.txt
14,HSBC_Tax_Scam_15_Feb13_3.txt
14,HSBC_Tax_Scam_15_Feb13_4.txt
14,HSBC_Tax_Scam_15_Feb13_5.txt
14,HSBC_Tax_Scam_15_Feb13_6.txt
14,HSBC_Tax_Scam_15_Feb14_1.txt
14,HSBC_Tax_Scam_15_Feb14_2.txt
14,HSBC_Tax_Scam_15_Feb14_3.txt
14,HSBC_Tax_Scam_15_Feb16_1.txt
14,HSBC_Tax_Scam_15_Feb17_1.txt
14,HSBC_Tax_Scam_15_Feb17_2.txt
14,HSBC_Tax_Scam_15_Feb18_1.txt
14,HSBC_Tax_Scam_15_Feb18_2.txt
14,HSBC_Tax_Scam_15_Feb18_3.txt
14,HSBC_Tax_Scam_15_Feb18_4.txt
14,HSBC_Tax_Scam_15_Feb18_5.txt
15,AWS_Oct_17_26_1.txt
15,AWS_Oct_17_26_2.txt
15,AWS_Oct_17_26_3.txt
15,AWS_Oct_17_26_4.txt
15,AWS_Oct_17_27_1.txt
15,AWS_Oct_17_27_2.txt
16,DeutsheBank_Sanctions_1.txt
16,DeutsheBank_Sanctions_2.txt
17,CitiBank_2008_Nov_25_3.txt
17,CitiBank_2008_Nov_25_2.txt
17,CitiBank_2008_Nov_25_1.txt
17,CitiBank_2008_Nov_24_3.txt
17,CitiBank_2008_Nov_24_2.txt
17,CitiBank_2008_Nov_24_1.txt
17,CitiBank_2008_Nov_21_1.txt
17,CitiBank_2008_Nov_20_1.txt
17,CitiBank_2008_Nov_19_2.txt
17,CitiBank_2008_Nov_19_1.txt
18,Apple_2007_Jun_29_3.txt
18,Apple_2007_Jun_29_2.txt
18,Apple_2007_Jun_29_1.txt
18,Apple_2007_Jun_28_3.txt
18,Apple_2007_Jun_28_2.txt
18,Apple_2007_Jun_28_1.txt
18,Apple_2007_Jun_27_2.txt
18,Apple_2007_Jun_27_1.txt
18,Apple_2007_Jul_02_2.txt
18,Apple_2007_Jul_02_1.txt
19,Nokia_2010_Apr_22_2.txt
19,Nokia_2010_Apr_22_1.txt
20,Suzuki_2012_Oct_16_2.txt
20,Suzuki_2012_Oct_16_1.txt
21,AIG_2008_Sep_16_3.txt
21,AIG_2008_Sep_16_2.txt
21,AIG_2008_Sep_16_1.txt
22,GoldmanSachs_2010_Apr_16_3.txt
22,GoldmanSachs_2010_Apr_16_2.txt
22,GoldmanSachs_2010_Apr_16_1.txt
23,AmazonGo_2018_Jan_22_3.txt
23,AmazonGo_2018_Jan_22_2.txt
23,AmazonGo_2018_Jan_22_1.txt
24,FacebookMarketPlace_2018_Jan_24_1.txt
24,FacebookMarketPlace_2018_Jan_23_4.txt
24,FacebookMarketPlace_2018_Jan_23_3.txt
24,FacebookMarketPlace_2018_Jan_23_2.txt
24,FacebookMarketPlace_2018_Jan_23_1.txt
25,GooglelaunchesPoly_2017_Nov_3_1.txt
25,GooglelaunchesPoly_2017_Nov_2_2.txt
25,GooglelaunchesPoly_2017_Nov_2_1.txt
25,GooglelaunchesPoly_2017_Nov_1_5.txt
25,GooglelaunchesPoly_2017_Nov_1_4.txt
25,GooglelaunchesPoly_2017_Nov_1_3.txt
25,GooglelaunchesPoly_2017_Nov_1_2.txt
25,GooglelaunchesPoly_2017_Nov_1_1.txt
26,UNH_2016_Nov_29_1.txt
26,UNH_2016_Nov_28_1.txt
27,UnitedAirlines_2017_1.txt
28,21Century_Fox_April2017_Scam.txt
29,FB_Oct31.txt
30,JPMorgan_2014_Jan_07.txt
30,JPMorgan_2011_Jun_21.txt
30,JPMorgan_2008_Mar_18.txt
31,BharthiAirtel_2017_11_14_1.txt
31,BharthiAirtel_2017_11_14_2.txt
32,Vertex_Pharma_2017_07_18_1.txt
32,Vertex_Pharma_2017_07_18_2.txt
